{"cameraMode":{"drawMode":0,"name":"Shaded","section":"Shading Mode"},"sceneLighting":true,"audioPlay":false,"sceneViewState":{"showFog":true,"showMaterialUpdate":false,"showSkybox":true,"showFlares":true,"showImageEffects":true,"showParticleSystems":true},"in2DMode":false,"pivot":{"x":0.8028101325035095,"y":-0.0020508049055933954,"z":1.652933120727539},"rotation":{"x":0.5726947784423828,"y":-0.014753904193639756,"z":0.010309298522770405,"w":0.819577693939209},"size":5.730956554412842,"orthographic":true}